,Game,Watch time,Stream time,Peak viewers,Peak channels,Streamers,Average viewers,Average channels,Average viewer ratio,Followers gained,Views gained,FPR,VPR
1,Just Chatting,"259,503,353 hours","3,455,992 hours","1,138,978","13,308","468,472","360,421","4,799",75.09,"20,418,682","393,638,526",5.91,113.90
2,Special Events,"4,469,982 hours","42,301 hours","930,019","4,232","10,782","6,208",58,105.67,"156,399","9,842,045",3.70,232.67
3,League of Legends,"164,249,369 hours","3,988,498 hours","703,375","9,687","283,482","228,124","5,539",41.18,"3,239,671","213,156,507",0.81,53.44
4,Minecraft,"89,118,793 hours","3,821,103 hours","647,145","9,865","477,777","123,776","5,307",23.32,"7,497,684","83,435,320",1.96,21.84
5,Counter-Strike: Global Offensive,"72,063,331 hours","1,635,037 hours","607,485","4,551","172,349","100,087","2,270",44.07,"2,739,766","124,697,779",1.68,76.27
6,Fortnite,"115,073,855 hours","7,113,555 hours","541,227","18,928","682,572","159,824","9,879",16.18,"11,185,681","189,220,609",1.57,26.60
7,Grand Theft Auto V,"139,348,297 hours","2,152,262 hours","506,815","6,008","186,520","193,539","2,989",64.75,"12,944,046","116,185,493",6.01,53.98
8,Garena Free Fire,"11,426,324 hours","305,356 hours","506,272",843,"27,273","15,869",424,37.42,"1,317,901","13,731,052",4.32,44.97
9,ARK: Survival Evolved,"9,923,102 hours","380,568 hours","386,433","1,074","33,568","13,782",528,26.07,"476,587","11,497,097",1.25,30.21
10,FIFA 21,"43,566,724 hours","1,108,548 hours","373,549","6,258","129,340","60,509","1,539",39.30,"1,788,361","42,585,416",1.61,38.42
11,Chess,"23,184,907 hours","112,302 hours","370,111",342,"17,632","32,201",155,206.45,"730,322","70,933,846",6.50,631.63
12,Rust,"46,974,535 hours","674,909 hours","331,005","3,092","53,130","65,242",937,69.60,"1,220,003","42,105,362",1.81,62.39
13,Among Us,"22,129,204 hours","436,373 hours","324,430","2,040","94,273","30,735",606,50.71,"1,182,860","25,771,963",2.71,59.06
14,Call of Duty: Warzone,"78,161,349 hours","3,489,624 hours","305,415","9,097","215,326","108,557","4,846",22.40,"3,335,512","70,580,684",0.96,20.23
15,Terraria,"2,987,101 hours","132,481 hours","265,103",352,"17,923","4,148",184,22.55,"57,100","1,721,362",0.43,12.99
16,VALORANT,"73,932,525 hours","3,165,104 hours","238,289","7,382","280,075","102,684","4,395",23.36,"3,689,262","115,507,978",1.17,36.49
17,Gartic Phone,"5,327,323 hours","57,029 hours","235,915",612,"21,220","7,399",79,93.41,"134,501","5,257,686",2.36,92.19
18,Rocket League,"21,044,131 hours","1,279,468 hours","227,721","3,703","274,006","29,227","1,777",16.45,"1,721,290","36,467,222",1.35,28.50
19,Dota 2,"41,577,745 hours","662,165 hours","218,653","1,725","31,128","57,746",919,62.79,"483,366","55,707,253",0.73,84.13
20,Apex Legends,"53,809,331 hours","4,272,933 hours","208,798","13,184","312,512","74,735","5,934",12.59,"2,453,686","56,054,453",0.57,13.12
21,Science & Technology,"3,065,283 hours","190,876 hours","203,313",491,"10,279","4,257",265,16.06,"295,386","4,442,727",1.55,23.28
22,Pokémon Trading Card Game,"4,789,816 hours","55,449 hours","201,453",268,"7,407","6,652",77,86.38,"185,796","4,252,394",3.35,76.69
23,Jackbox Party Packs,"3,125,441 hours","71,147 hours","199,940",425,"18,548","4,340",98,43.93,"114,280","1,906,412",1.61,26.80
24,Five Nights at Freddy's,"596,885 hours","23,118 hours","189,409",89,"9,427",829,32,25.82,"84,450","396,379",3.65,17.15
25,Valheim,"34,425,465 hours","1,438,469 hours","188,897","5,307","114,521","47,813","1,997",23.93,"445,767","36,170,229",0.31,25.14
26,Tom Clancy's Rainbow Six Siege,"27,230,030 hours","1,223,553 hours","187,752","3,415","144,713","37,819","1,699",22.25,"1,124,717","21,711,498",0.92,17.74
27,Pummel Party,"1,375,289 hours","25,976 hours","185,358",167,"7,345","1,910",36,52.94,"52,010","2,105,561",2.00,81.06
28,Misa,"115,243 hours",2 hours,"184,903",1,1,160,0,"57,621.50","7,041","86,069","3,520.50","43,034.50"
29,ROBLOX,"2,511,702 hours","357,047 hours","175,156",873,"55,836","3,488",495,7.03,"493,078","2,510,523",1.38,7.03
30,PLAYERUNKNOWN'S BATTLEGROUNDS,"20,264,353 hours","683,693 hours","172,924","1,538","43,110","28,144",949,29.64,"353,010","70,796,221",0.52,103.55
31,Mario Kart 8,"4,826,143 hours","66,918 hours","167,720",340,"12,595","6,702",92,72.12,"123,389","5,347,976",1.84,79.92
32,Little Nightmares,"1,635,047 hours","90,092 hours","167,445",311,"23,009","2,270",125,18.15,"50,234","1,810,855",0.56,20.10
33,Music,"25,444,580 hours","947,964 hours","161,030","2,709","56,933","35,339","1,316",26.84,"1,465,260","76,414,452",1.55,80.61
34,FINAL FANTASY XIV Online,"3,757,144 hours","364,821 hours","149,058","1,578","23,972","5,218",506,10.30,"56,655","3,874,372",0.16,10.62
35,Undertale,"1,084,376 hours","28,232 hours","145,487",87,"5,595","1,506",39,38.41,"17,703","416,855",0.63,14.77
36,Call of Duty: Black Ops Cold War,"12,046,885 hours","1,312,734 hours","140,677","4,848","142,801","16,731","1,823",9.18,"549,139","10,769,704",0.42,8.20
37,World of Warcraft,"31,752,979 hours","1,519,070 hours","139,533","6,182","77,900","44,101","2,109",20.90,"567,835","43,574,640",0.37,28.69
38,GeoGuessr,"2,471,525 hours","40,995 hours","128,921",156,"9,478","3,432",56,60.29,"116,278","4,780,562",2.84,116.61
39,Phasmophobia,"5,017,214 hours","434,772 hours","127,078","1,724","82,458","6,968",603,11.54,"239,261","4,439,766",0.55,10.21
40,Little Nightmares II,"7,368,515 hours","195,117 hours","125,493","1,893","34,741","10,234",270,37.76,"167,767","9,037,940",0.86,46.32
41,F1 2020,"1,468,445 hours","93,221 hours","125,228",770,"13,983","2,039",129,15.75,"122,830","2,054,262",1.32,22.04
42,Talk Shows & Podcasts,"7,237,032 hours","178,506 hours","124,418",626,"17,869","10,051",247,40.54,"188,542","15,402,105",1.06,86.28
43,Escape From Tarkov,"40,947,560 hours","1,249,198 hours","123,010","2,839","54,911","56,871","1,734",32.78,"577,751","35,966,843",0.46,28.79
44,Monopoly Plus,"1,020,415 hours","11,084 hours","120,833",68,"3,227","1,417",15,92.06,"33,179","602,210",2.99,54.33
45,The Medium,"2,376,809 hours","108,435 hours","117,046","1,490","20,010","3,301",150,21.92,"39,034","3,751,975",0.36,34.60
46,Stopots,"129,590 hours","2,194 hours","115,784",21,"1,165",179,3,59.07,"7,299","190,342",3.33,86.76
47,Project Winter,"484,567 hours","16,008 hours","113,964",114,"3,144",673,22,30.27,"8,719","213,542",0.54,13.34
48,Gang Beasts,"310,569 hours","16,126 hours","109,105",88,"5,020",431,22,19.26,"11,032","323,116",0.68,20.04
49,Resident Evil Village,"114,843 hours","1,425 hours","108,814",14,775,159,1,80.59,"2,416","101,861",1.70,71.48
50,THE GAME OF LIFE 2,"345,690 hours","1,296 hours","108,470",12,543,480,1,266.74,"7,191","220,533",5.55,170.16